{
    "SNR": 100.0,
    "mean_acc_sgd": 0.7061082005500794,
    "mean_acc_sgd_wd": 0.7048865556716919,
    "mean_acc_sgd_wd_da": 0.7027923226356506,
    "mean_acc_parseval": 0.6973821878433227
}{
    "SNR": Infinity,
    "mean_acc_sgd": 0.7061082005500794,
    "mean_acc_sgd_wd": 0.7048865556716919,
    "mean_acc_sgd_wd_da": 0.7027923226356506,
    "mean_acc_parseval": 0.6973821878433227
}{
    "SNR": 59.75867748260498,
    "mean_acc_sgd": 0.6954624831676484,
    "mean_acc_sgd_wd": 0.7001745104789734,
    "mean_acc_sgd_wd_da": 0.699476444721222,
    "mean_acc_parseval": 0.6933682322502136
}{
    "SNR": 53.73817443847656,
    "mean_acc_sgd": 0.6832460641860962,
    "mean_acc_sgd_wd": 0.696509599685669,
    "mean_acc_sgd_wd_da": 0.6975567162036895,
    "mean_acc_parseval": 0.6900523602962494
}{
    "SNR": 50.216612815856934,
    "mean_acc_sgd": 0.6705061018466949,
    "mean_acc_sgd_wd": 0.6937172710895538,
    "mean_acc_sgd_wd_da": 0.6949389219284058,
    "mean_acc_parseval": 0.6872600376605987
}{
    "SNR": 47.71758556365967,
    "mean_acc_sgd": 0.6617801070213318,
    "mean_acc_sgd_wd": 0.6884816825389862,
    "mean_acc_sgd_wd_da": 0.6912739992141723,
    "mean_acc_parseval": 0.6844677150249481
}{
    "SNR": 45.77931880950928,
    "mean_acc_sgd": 0.6502617776393891,
    "mean_acc_sgd_wd": 0.6848167538642883,
    "mean_acc_sgd_wd_da": 0.6886561930179596,
    "mean_acc_parseval": 0.6813263595104218
}{
    "SNR": 44.196014404296875,
    "mean_acc_sgd": 0.6399650931358337,
    "mean_acc_sgd_wd": 0.68045374751091,
    "mean_acc_sgd_wd_da": 0.685863870382309,
    "mean_acc_parseval": 0.6787085473537445
}{
    "SNR": 42.857584953308105,
    "mean_acc_sgd": 0.6277486920356751,
    "mean_acc_sgd_wd": 0.6771378815174103,
    "mean_acc_sgd_wd_da": 0.6841186702251434,
    "mean_acc_parseval": 0.675218141078949
}{
    "SNR": 41.69698238372803,
    "mean_acc_sgd": 0.6188481688499451,
    "mean_acc_sgd_wd": 0.6731239080429077,
    "mean_acc_sgd_wd_da": 0.6825479924678802,
    "mean_acc_parseval": 0.6726003468036652
}{
    "SNR": 40.6752347946167,
    "mean_acc_sgd": 0.6101221680641175,
    "mean_acc_sgd_wd": 0.6689354181289673,
    "mean_acc_sgd_wd_da": 0.6794066309928894,
    "mean_acc_parseval": 0.6705061078071595
}{
    "SNR": 39.7587251663208,
    "mean_acc_sgd": 0.6022687673568725,
    "mean_acc_sgd_wd": 0.665095978975296,
    "mean_acc_sgd_wd_da": 0.6766143083572388,
    "mean_acc_parseval": 0.6684118688106537
}{
    "SNR": 38.93099308013916,
    "mean_acc_sgd": 0.5921465992927551,
    "mean_acc_sgd_wd": 0.6617800951004028,
    "mean_acc_sgd_wd_da": 0.6741710305213928,
    "mean_acc_parseval": 0.6654450356960296
}{
    "SNR": 38.175415992736816,
    "mean_acc_sgd": 0.580628263950348,
    "mean_acc_sgd_wd": 0.6574171006679534,
    "mean_acc_sgd_wd_da": 0.6719022631645203,
    "mean_acc_parseval": 0.6635253012180329
}{
    "SNR": 37.47971057891846,
    "mean_acc_sgd": 0.5682373523712159,
    "mean_acc_sgd_wd": 0.654973828792572,
    "mean_acc_sgd_wd_da": 0.669284462928772,
    "mean_acc_parseval": 0.6589877843856812
}{
    "SNR": 36.83698654174805,
    "mean_acc_sgd": 0.5565445065498352,
    "mean_acc_sgd_wd": 0.6504362940788269,
    "mean_acc_sgd_wd_da": 0.6666666686534881,
    "mean_acc_parseval": 0.6546247839927674
}{
    "SNR": 36.23690843582153,
    "mean_acc_sgd": 0.5452007055282593,
    "mean_acc_sgd_wd": 0.646771377325058,
    "mean_acc_sgd_wd_da": 0.6650959849357605,
    "mean_acc_parseval": 0.6507853388786315
}{
    "SNR": 35.67638397216797,
    "mean_acc_sgd": 0.5364746987819672,
    "mean_acc_sgd_wd": 0.643804544210434,
    "mean_acc_sgd_wd_da": 0.6628272294998169,
    "mean_acc_parseval": 0.6472949326038361
}{
    "SNR": 35.15062093734741,
    "mean_acc_sgd": 0.5273996591567993,
    "mean_acc_sgd_wd": 0.6392670273780823,
    "mean_acc_sgd_wd_da": 0.6591623008251191,
    "mean_acc_parseval": 0.6436300218105316
}{
    "SNR": 34.65463399887085,
    "mean_acc_sgd": 0.5155322790145874,
    "mean_acc_sgd_wd": 0.633682370185852,
    "mean_acc_sgd_wd_da": 0.6554973900318146,
    "mean_acc_parseval": 0.6404886603355407
}{
    "SNR": 34.1844367980957,
    "mean_acc_sgd": 0.5045375168323517,
    "mean_acc_sgd_wd": 0.6300174474716187,
    "mean_acc_sgd_wd_da": 0.6523560166358948,
    "mean_acc_parseval": 0.6375218152999877
}{
    "SNR": 33.73812675476074,
    "mean_acc_sgd": 0.49249563813209535,
    "mean_acc_sgd_wd": 0.6246073365211486,
    "mean_acc_sgd_wd_da": 0.6481675446033478,
    "mean_acc_parseval": 0.6335078477859497
}{
    "SNR": 33.31433296203613,
    "mean_acc_sgd": 0.4834205895662308,
    "mean_acc_sgd_wd": 0.6204188406467438,
    "mean_acc_sgd_wd_da": 0.6460733115673065,
    "mean_acc_parseval": 0.6308900535106658
}{
    "SNR": 32.91039228439331,
    "mean_acc_sgd": 0.47190227210521696,
    "mean_acc_sgd_wd": 0.6174520015716553,
    "mean_acc_sgd_wd_da": 0.6424083769321441,
    "mean_acc_parseval": 0.6277486860752106
}{
    "SNR": 32.52471923828125,
    "mean_acc_sgd": 0.46247818171977995,
    "mean_acc_sgd_wd": 0.6125654458999634,
    "mean_acc_sgd_wd_da": 0.6389179706573487,
    "mean_acc_parseval": 0.6246073186397553
}{
    "SNR": 32.15481758117676,
    "mean_acc_sgd": 0.4530541002750397,
    "mean_acc_sgd_wd": 0.6064572513103486,
    "mean_acc_sgd_wd_da": 0.6345549762248993,
    "mean_acc_parseval": 0.6211169242858887
}{
    "SNR": 31.80088996887207,
    "mean_acc_sgd": 0.4441535770893097,
    "mean_acc_sgd_wd": 0.6010471165180207,
    "mean_acc_sgd_wd_da": 0.6303664922714234,
    "mean_acc_parseval": 0.6179755687713623
}{
    "SNR": 31.459109783172607,
    "mean_acc_sgd": 0.4345549702644348,
    "mean_acc_sgd_wd": 0.5973822057247162,
    "mean_acc_sgd_wd_da": 0.6280977308750153,
    "mean_acc_parseval": 0.613612562417984
}{
    "SNR": 31.132631301879883,
    "mean_acc_sgd": 0.42513089179992675,
    "mean_acc_sgd_wd": 0.592321115732193,
    "mean_acc_sgd_wd_da": 0.6258289635181427,
    "mean_acc_parseval": 0.610645717382431
}{
    "SNR": 30.816385746002197,
    "mean_acc_sgd": 0.4171029716730118,
    "mean_acc_sgd_wd": 0.5879581034183502,
    "mean_acc_sgd_wd_da": 0.6226876139640808,
    "mean_acc_parseval": 0.6078534126281738
}{
    "SNR": 30.510735511779785,
    "mean_acc_sgd": 0.4087260037660599,
    "mean_acc_sgd_wd": 0.5839441418647766,
    "mean_acc_sgd_wd_da": 0.620069819688797,
    "mean_acc_parseval": 0.6041884839534759
}{
    "SNR": 30.216307640075684,
    "mean_acc_sgd": 0.4015706807374954,
    "mean_acc_sgd_wd": 0.5795811474323272,
    "mean_acc_sgd_wd_da": 0.6171029686927796,
    "mean_acc_parseval": 0.6003490447998047
}{
    "SNR": 29.931354522705078,
    "mean_acc_sgd": 0.3933682382106781,
    "mean_acc_sgd_wd": 0.5762652695178986,
    "mean_acc_sgd_wd_da": 0.6151832401752472,
    "mean_acc_parseval": 0.5979057610034942
}{
    "SNR": 29.65578317642212,
    "mean_acc_sgd": 0.386387437582016,
    "mean_acc_sgd_wd": 0.5722513139247895,
    "mean_acc_sgd_wd_da": 0.6111692786216736,
    "mean_acc_parseval": 0.5942408382892609
}{
    "SNR": 29.388561248779297,
    "mean_acc_sgd": 0.3788830727338791,
    "mean_acc_sgd_wd": 0.5689354240894318,
    "mean_acc_sgd_wd_da": 0.6078534066677094,
    "mean_acc_parseval": 0.5907504320144653
}{
    "SNR": 29.130020141601562,
    "mean_acc_sgd": 0.3691099464893341,
    "mean_acc_sgd_wd": 0.5659685909748078,
    "mean_acc_sgd_wd_da": 0.6047120332717896,
    "mean_acc_parseval": 0.5877835869789123
}{
    "SNR": 28.877723217010498,
    "mean_acc_sgd": 0.3617801070213318,
    "mean_acc_sgd_wd": 0.5612565457820893,
    "mean_acc_sgd_wd_da": 0.6026178002357483,
    "mean_acc_parseval": 0.5842931985855102
}{
    "SNR": 28.63403558731079,
    "mean_acc_sgd": 0.3534031450748444,
    "mean_acc_sgd_wd": 0.5567190170288085,
    "mean_acc_sgd_wd_da": 0.5998254776000976,
    "mean_acc_parseval": 0.5821989476680756
}{
    "SNR": 28.39428424835205,
    "mean_acc_sgd": 0.34380453526973725,
    "mean_acc_sgd_wd": 0.5523560225963593,
    "mean_acc_sgd_wd_da": 0.5963350772857666,