{
    "SNR": 100.0,
    "mean_ResNet": 0.6956369936466217,
    "mean_ResNet_da": 0.6917975604534149,
    "mean_Parseval": 0.7137870907783508,
    "mean_Parseval_da": 0.7027923226356506
}{
    "SNR": 80.0,
    "mean_ResNet": 0.6956369936466217,
    "mean_ResNet_da": 0.6917975604534149,
    "mean_Parseval": 0.7137870907783508,
    "mean_Parseval_da": 0.7027923226356506
}{
    "SNR": 59.757752418518066,
    "mean_ResNet": 0.6815008759498596,
    "mean_ResNet_da": 0.68935427069664,
    "mean_Parseval": 0.6956369996070861,
    "mean_Parseval_da": 0.7010471165180207
}{
    "SNR": 53.73724937438965,
    "mean_ResNet": 0.6657940685749054,
    "mean_ResNet_da": 0.6876090705394745,
    "mean_Parseval": 0.6790575981140137,
    "mean_Parseval_da": 0.6991274058818817
}{
    "SNR": 50.21568775177002,
    "mean_ResNet": 0.6518324553966522,
    "mean_ResNet_da": 0.6848167479038239,
    "mean_Parseval": 0.6649214684963226,
    "mean_Parseval_da": 0.6970331609249115
}{
    "SNR": 47.71665573120117,
    "mean_ResNet": 0.6368237376213074,
    "mean_ResNet_da": 0.6839441537857056,
    "mean_Parseval": 0.6462478160858154,
    "mean_Parseval_da": 0.6958115220069885
}{
    "SNR": 45.77839374542236,
    "mean_ResNet": 0.6232111752033234,
    "mean_ResNet_da": 0.6821989595890046,
    "mean_Parseval": 0.6289703369140625,
    "mean_Parseval_da": 0.6940663158893585
}{
    "SNR": 44.19508934020996,
    "mean_ResNet": 0.6108202397823334,
    "mean_ResNet_da": 0.6806282758712768,
    "mean_Parseval": 0.6115183293819427,
    "mean_Parseval_da": 0.6924956321716309
}{
    "SNR": 42.85665988922119,
    "mean_ResNet": 0.5968586385250092,
    "mean_ResNet_da": 0.6788830757141113,
    "mean_Parseval": 0.5968586385250092,
    "mean_Parseval_da": 0.6907504379749299
}{
    "SNR": 41.69605731964111,
    "mean_ResNet": 0.5794066250324249,
    "mean_ResNet_da": 0.6764397919178009,
    "mean_Parseval": 0.5781849920749664,
    "mean_Parseval_da": 0.6883071660995483
}{
    "SNR": 40.674309730529785,
    "mean_ResNet": 0.5631762623786927,
    "mean_ResNet_da": 0.6746945917606354,
    "mean_Parseval": 0.5621291518211364,
    "mean_Parseval_da": 0.6867364823818207
}{
    "SNR": 39.75780010223389,
    "mean_ResNet": 0.5464223444461822,
    "mean_ResNet_da": 0.6731239020824432,
    "mean_Parseval": 0.5467713713645935,
    "mean_Parseval_da": 0.6841186702251434
}{
    "SNR": 38.930068016052246,
    "mean_ResNet": 0.5347294867038727,
    "mean_ResNet_da": 0.671029657125473,
    "mean_Parseval": 0.5329842984676361,
    "mean_Parseval_da": 0.6825479865074158
}{
    "SNR": 38.1744909286499,
    "mean_ResNet": 0.5195462495088577,
    "mean_ResNet_da": 0.6684118688106537,
    "mean_Parseval": 0.5191972106695175,
    "mean_Parseval_da": 0.6801047086715698
}{
    "SNR": 37.47878551483154,
    "mean_ResNet": 0.5036649286746979,
    "mean_ResNet_da": 0.6663176238536834,
    "mean_Parseval": 0.5061082094907761,
    "mean_Parseval_da": 0.6788830697536469
}{
    "SNR": 36.83606147766113,
    "mean_ResNet": 0.48900523483753205,
    "mean_ResNet_da": 0.6642233788967132,
    "mean_Parseval": 0.49162302911281586,
    "mean_Parseval_da": 0.6771378636360168
}{
    "SNR": 36.23598098754883,
    "mean_ResNet": 0.4760907530784607,
    "mean_ResNet_da": 0.662129145860672,
    "mean_Parseval": 0.4781849950551987,
    "mean_Parseval_da": 0.6753926694393158
}{
    "SNR": 35.675456523895264,
    "mean_ResNet": 0.4635253041982651,
    "mean_ResNet_da": 0.660907506942749,
    "mean_Parseval": 0.4642233818769455,
    "mean_Parseval_da": 0.6739965081214905
}{
    "SNR": 35.1496958732605,
    "mean_ResNet": 0.44938917756080626,
    "mean_ResNet_da": 0.6586387395858765,
    "mean_Parseval": 0.4532286196947098,
    "mean_Parseval_da": 0.6719022631645203
}{
    "SNR": 34.653708934783936,
    "mean_ResNet": 0.4338568925857544,
    "mean_ResNet_da": 0.6567190229892731,
    "mean_Parseval": 0.4397905766963959,
    "mean_Parseval_da": 0.6701570689678192
}{
    "SNR": 34.18351173400879,
    "mean_ResNet": 0.4202443301677704,
    "mean_ResNet_da": 0.6554973781108856,
    "mean_Parseval": 0.4256544530391693,
    "mean_Parseval_da": 0.6678883135318756
}{
    "SNR": 33.73720169067383,
    "mean_ResNet": 0.4083769619464874,
    "mean_ResNet_da": 0.6541012227535248,
    "mean_Parseval": 0.4136125653982162,
    "mean_Parseval_da": 0.666317629814148
}{
    "SNR": 33.31340789794922,
    "mean_ResNet": 0.39633508026599884,
    "mean_ResNet_da": 0.6514834225177765,
    "mean_Parseval": 0.39930191934108733,
    "mean_Parseval_da": 0.6649214565753937
}{
    "SNR": 32.9094672203064,
    "mean_ResNet": 0.38691099286079406,
    "mean_ResNet_da": 0.6493891716003418,
    "mean_Parseval": 0.3897033154964447,
    "mean_Parseval_da": 0.6624781966209412
}{
    "SNR": 32.523794174194336,
    "mean_ResNet": 0.3776614308357239,
    "mean_ResNet_da": 0.6471204161643982,
    "mean_Parseval": 0.38097730875015257,
    "mean_Parseval_da": 0.6602094233036041
}{
    "SNR": 32.153892517089844,
    "mean_ResNet": 0.3671902298927307,
    "mean_ResNet_da": 0.6452007055282593,
    "mean_Parseval": 0.3691099494695663,
    "mean_Parseval_da": 0.657940661907196
}{
    "SNR": 31.799964904785156,
    "mean_ResNet": 0.35427574515342714,
    "mean_ResNet_da": 0.643804544210434,
    "mean_Parseval": 0.3600349068641663,
    "mean_Parseval_da": 0.6553228557109833
}{
    "SNR": 31.458184719085693,
    "mean_ResNet": 0.3438045412302017,
    "mean_ResNet_da": 0.6422338604927063,
    "mean_Parseval": 0.35095986127853396,
    "mean_Parseval_da": 0.6530540943145752
}{
    "SNR": 31.131703853607178,
    "mean_ResNet": 0.33298429250717165,
    "mean_ResNet_da": 0.6410122156143189,
    "mean_Parseval": 0.3413612574338913,
    "mean_Parseval_da": 0.6518324553966522
}{
    "SNR": 30.815460681915283,
    "mean_ResNet": 0.32356020510196687,
    "mean_ResNet_da": 0.637870854139328,
    "mean_Parseval": 0.3314136117696762,
    "mean_Parseval_da": 0.6504363059997559
}{
    "SNR": 30.50981044769287,
    "mean_ResNet": 0.31413612961769105,
    "mean_ResNet_da": 0.6363001763820648,
    "mean_Parseval": 0.32198953032493594,
    "mean_Parseval_da": 0.649040138721466
}{
    "SNR": 30.21538257598877,
    "mean_ResNet": 0.3066317617893219,
    "mean_ResNet_da": 0.6345549762248993,
    "mean_Parseval": 0.3136125683784485,
    "mean_Parseval_da": 0.6462478280067444
}{
    "SNR": 29.930427074432373,
    "mean_ResNet": 0.2994764372706413,
    "mean_ResNet_da": 0.6317626535892487,
    "mean_Parseval": 0.30523560047149656,
    "mean_Parseval_da": 0.6434554934501648
}{
    "SNR": 29.654855728149414,
    "mean_ResNet": 0.2924956321716309,
    "mean_ResNet_da": 0.6287958145141601,
    "mean_Parseval": 0.29616055488586424,
    "mean_Parseval_da": 0.6408376932144165
}