;momentum;learning rate;batch size;loss1;acc1;loss2;acc2;loss3;acc3;epoch_stopped1;epoch_stopped2;epoch_stopped3;reg_penalty
0;0.9;0.1;64.0;1.3459327220916748;0.5968586206436157;1.2525606155395508;0.6230366230010986;1.135267734527588;0.6928446888923645;50.0;50.0;50.0;0.01
1;0.9;0.1;64.0;1.2038580179214478;0.6893543004989624;1.0755434036254883;0.6893543004989624;1.3175990581512451;0.661431074142456;100.0;100.0;100.0;0.01
2;0.9;0.1;64.0;1.3681020736694336;0.6195462346076965;1.1552221775054932;0.6701570749282837;1.955447793006897;0.5253053903579712;150.0;150.0;150.0;0.01
3;0.9;0.1;64.0;1.6139369010925293;0.7260034680366516;1.6240365505218506;0.7120419144630432;2.574725866317749;0.5898778438568115;50.0;50.0;50.0;0.001
4;0.9;0.1;64.0;1.4399429559707642;0.7085514664649963;1.5381132364273071;0.6858638525009155;1.71233069896698;0.650959849357605;100.0;100.0;100.0;0.001
